id;address_1;address_2;city;postcode;coutnry
1;mindshare Interactions Versatile;Frozen Rubber line;Ricardobury;Sports withdrawal Architect;JSON supply-chains Pants
2;Berkshire Buckinghamshire;Account;Effertzville;Credit;microchip Chile Tuna
3;indexing invoice;the;Haleyhaven;policy;circuit Bike
4;PNG Skyway;SMTP Toys;East Maximillian;synthesizing;ubiquitous Avon Orchestrator
5;Assimilated optical Rustic;alarm Dinar Bacon;Dorcaschester;override projection Taka;Technician Accounts blue
6;generating Administrator;deposit clicks-and-mortar;Goodyear;calculate bus Cheese;multi-tasking Supervisor
7;disintermediate Architect Gloves;Rubber Orchestrator;Corpus Christi;Pound Shoes Gloves;enhance compelling generating
8;Soft;systematic Avon analyzer;Elmhurst;Unbranded Branding task-force;Gold
9;back Computers CSS;Extended copying optimize;Port Tommieton;visionary Soft olive;Anguilla
10;Soft Beauty;Awesome mint;Margeberg;Chicken killer cyan;channels
