id;first_name;last_n_ame;email;telephone
1;Chelsey;generating Market wireless;Lora.Morissette@gmail.com;212.933.7326 x80149
2;Vidal;Sahara;Kassandra_Huel4@yahoo.com;684-612-2247 x67919
3;Bethel;Villages JBOD Gorgeous;Erling69@hotmail.com;205.264.7692 x8323
4;Raleigh;quantifying transmit;Darren.Bosco3@yahoo.com;717.369.7726 x764
5;Cassidy;azure;Grace_Murazik91@hotmail.com;368-558-5574
6;Bernita;Loan Rustic Re-engineered;Retha.Crist@gmail.com;1-551-618-2717 x460
7;Sidney;transparent;Juwan66@yahoo.com;1-941-591-5820 x14493
8;Antwan;matrix;Jacques_Walsh@gmail.com;395-512-6806 x18524
9;Colt;transitional intuitive black;Alba.Powlowski92@gmail.com;281-947-6880 x6925
10;Dena;Intranet New Human;Manley_Breitenberg51@hotmail.com;964-599-0281 x795
